idx,t,who,hand,kind,speed,frame
0,1800.0,fury,R,power,1.66,45000
1,1800.4,fury,L,jab,1.78,45010
2,1800.44,fury,R,power,2.7,45011
3,1800.76,fury,R,power,2.92,45019
4,1800.96,usyk,L,power,2.21,45024
5,1801.28,usyk,L,power,3.1,45032
6,1802.16,fury,R,power,1.94,45054
7,1802.88,fury,R,power,3.95,45072
8,1804.96,usyk,L,power,5.12,45124
9,1805.48,usyk,L,power,3.44,45137
10,1805.88,usyk,R,jab,7.74,45147
11,1806.0,usyk,L,power,3.07,45150
12,1806.08,fury,L,jab,1.66,45152
13,1806.76,fury,L,jab,3.57,45169
14,1806.88,fury,R,power,4.54,45172
15,1807.08,usyk,L,power,4.69,45177
16,1807.48,fury,R,power,1.7,45187
17,1807.64,usyk,L,power,2.12,45191
18,1808.6,usyk,L,power,4.97,45215
19,1810.88,usyk,R,jab,3.29,45272
20,1811.08,fury,L,jab,2.9,45277
21,1811.28,fury,R,power,1.58,45282
22,1811.48,usyk,R,jab,5.67,45287
23,1811.84,fury,R,power,3.04,45296
24,1811.88,usyk,L,power,3.52,45297
25,1812.4,usyk,L,power,2.85,45310
26,1812.64,usyk,R,jab,1.52,45316
27,1813.12,usyk,L,power,2.95,45328
28,1813.8,fury,R,power,1.52,45345
29,1813.92,usyk,R,jab,7.08,45348
30,1814.04,fury,L,jab,3.33,45351
31,1814.36,fury,R,power,3.45,45359
