idx,t,who,hand,verdict
-1,1800.80,fury,R,tp
-1,1800.96,usyk,L,tp
-1,1801.28,usyk,L,unclear
-1,1801.72,usyk,L,tp
-1,1802.88,fury,R,fp
-1,1805.08,usyk,L,tp
-1,1805.48,usyk,L,fp
-1,1805.92,usyk,R,tp
-1,1806.08,usyk,L,fp
-1,1806.20,usyk,R,fp
-1,1806.36,usyk,L,tp
-1,1807.84,usyk,L,tp
-1,1806.76,fury,L,clinch
-1,1806.88,fury,R,clinch
-1,1808.60,usyk,L,tp
-1,1810.88,usyk,R,unclear
-1,1811.48,usyk,R,tp
-1,1811.84,fury,R,unclear
-1,1811.88,usyk,L,tp
-1,1813.12,usyk,L,fp
-1,1813.92,usyk,R,tp
-1,1814.12,usyk,L,tp
-1,1814.36,fury,R,unclear
