idx,t,who,hand,speed,verdict
0,826.28,usyk,R,2.73,tp
1,827.2,usyk,R,3.05,tp
2,830.16,usyk,R,4.4,tp
3,830.96,usyk,R,2.36,fp
4,831.12,fury,L,2.96,fp
5,831.36,fury,L,2.94,fp
6,833.04,fury,L,5.8,tp
7,833.48,usyk,R,2.72,clinch
8,833.48,usyk,L,3.1,clinch
9,835.12,usyk,L,2.36,tp
10,835.12,usyk,R,3.0,tp
11,835.88,usyk,L,2.02,fp
12,836.48,fury,L,3.54,tp
13,837.8,fury,L,2.57,tp
14,839.28,usyk,L,2.73,unclear
15,839.4,usyk,R,2.11,unclear
16,840.2,usyk,L,5.98,tp
17,842.52,fury,R,2.93,tp
18,842.56,usyk,R,2.31,unclear
19,842.8,fury,L,3.93,tp
20,843.52,usyk,L,2.77,fp
21,846.32,fury,L,2.37,fp
22,848.2,fury,L,2.86,fp
23,849.0,usyk,R,2.93,cut
24,849.12,fury,R,2.8,cut
25,849.16,fury,L,5.7,cut
26,850.16,fury,L,3.24,fp
27,852.32,usyk,L,4.06,tp
28,852.72,usyk,R,2.54,unclear
29,852.84,usyk,L,3.77,unclear
30,853.08,usyk,L,3.17,tp
31,853.32,usyk,R,2.7,unclear
32,853.36,usyk,L,3.75,unclear
33,854.88,usyk,L,6.72,tp
34,855.44,fury,R,2.52,identity
35,855.44,usyk,L,2.01,identity
36,855.48,usyk,R,2.42,unclear
37,855.64,fury,L,3.21,tp
38,855.72,fury,R,2.07,unclear
39,858.6,fury,L,5.47,identity
40,858.6,fury,R,4.3,identity
41,858.92,fury,R,2.94,identity
42,859.0,fury,L,2.49,identity
43,859.2,usyk,L,2.33,identity
44,859.64,fury,R,3.6,identity
45,859.64,fury,L,2.72,identity
46,859.84,usyk,L,2.59,tp
47,859.84,usyk,R,3.89,unclear
48,860.12,usyk,R,3.84,identity
49,860.12,fury,L,2.89,identity
50,860.12,fury,R,5.27,identity
51,860.44,fury,L,7.35,identity
52,861.12,fury,R,2.94,identity
53,861.88,fury,L,14.74,tp
54,861.92,usyk,L,3.85,cut
55,862.52,fury,L,3.76,tp
56,863.8,fury,R,4.23,tp
57,864.4,fury,L,2.17,clinch
58,865.56,fury,R,2.81,fp
59,865.68,usyk,L,2.75,fp
60,866.68,usyk,L,3.94,tp
61,867.28,usyk,L,2.44,unclear
62,868.36,usyk,R,2.64,identity
63,869.88,usyk,L,5.65,clinch
64,870.2,fury,L,3.42,fp
65,870.72,fury,L,2.93,fp
66,870.84,usyk,L,2.92,fp
67,871.52,fury,R,4.37,tp
68,871.56,fury,L,2.05,tp
69,873.76,fury,L,4.01,fp
70,877.08,usyk,R,2.85,tp
71,877.52,usyk,R,2.33,unclear
72,878.24,fury,R,2.88,fp
73,878.36,fury,L,3.07,unclear
74,878.6,fury,R,2.4,unclear
75,879.92,usyk,L,2.37,identity
76,881.56,fury,R,4.37,fp
77,885.68,usyk,L,2.23,tp
78,885.68,usyk,R,2.53,tp
79,886.0,usyk,L,2.53,tp
80,886.04,usyk,R,3.31,tp
81,886.6,usyk,R,2.58,tp
82,886.72,fury,L,3.73,tp
83,886.84,fury,R,2.42,fp
84,886.96,usyk,R,2.2,unclear
85,887.88,fury,L,2.84,tp
86,888.36,fury,R,4.73,clinch
87,888.52,fury,L,2.07,clinch
88,888.72,fury,L,3.38,clinch
89,889.16,usyk,L,4.62,clinch
90,889.32,usyk,R,4.31,clinch
91,889.68,usyk,R,3.92,clinch
92,889.76,fury,R,2.15,clinch
93,889.84,fury,L,4.01,clinch
94,893.68,fury,L,2.74,tp
95,893.96,usyk,R,7.66,cut
96,894.04,usyk,L,7.59,cut
97,895.96,usyk,L,2.98,unclear
98,896.48,usyk,L,2.46,unclear
99,896.84,usyk,R,5.32,tp
100,897.16,fury,L,2.07,fp
101,898.72,fury,L,4.02,tp
102,899.64,fury,L,2.95,fp
103,901.52,usyk,R,3.09,fp
104,902.56,fury,L,3.68,tp
105,902.56,usyk,R,2.96,tp
106,903.12,fury,R,8.12,tp
107,903.48,fury,L,3.8,tp
108,907.68,usyk,L,2.79,tp
109,908.0,fury,R,2.5,tp
110,908.52,usyk,R,2.18,clinch
111,908.8,usyk,R,6.29,tp
112,909.0,usyk,R,9.22,unclear
113,909.0,usyk,L,10.1,unclear
114,909.16,usyk,L,3.46,unclear
115,910.6,fury,L,2.48,tp
116,910.76,usyk,R,2.39,fp
117,911.56,usyk,R,2.2,tp
118,911.64,fury,L,3.47,unclear
119,911.92,usyk,R,3.57,unclear
120,913.12,fury,R,2.23,clinch
121,913.28,fury,L,6.14,clinch
122,920.36,usyk,L,2.06,fp
123,924.32,usyk,R,4.67,tp
124,924.88,usyk,R,5.48,fp
125,930.04,fury,L,2.82,fp
126,930.56,fury,R,6.61,tp
127,930.72,fury,R,2.71,unclear
128,933.36,usyk,R,2.18,fp
129,934.56,fury,L,4.57,tp
130,935.72,fury,R,4.34,tp
131,936.04,usyk,R,5.25,tp
132,938.92,usyk,L,2.57,fp
133,939.04,fury,L,2.3,fp
134,940.36,usyk,L,2.82,fp
135,940.56,usyk,L,3.79,fp
136,943.0,fury,L,3.18,tp
137,944.28,fury,L,3.06,tp
138,944.28,fury,R,3.76,fp
139,944.52,fury,R,4.05,tp
140,944.68,fury,R,2.63,fp
141,944.84,fury,L,3.34,fp
142,945.88,fury,L,3.37,tp
143,946.64,usyk,R,2.54,unclear
144,949.68,usyk,L,3.29,unclear
145,952.88,usyk,R,2.14,fp
146,953.84,fury,L,3.14,unclear
147,957.4,usyk,R,2.39,fp
148,957.64,fury,R,5.5,tp
149,957.68,fury,L,3.73,tp
150,957.96,fury,L,2.74,fp
151,958.48,usyk,R,2.16,fp
152,959.24,usyk,R,2.64,fp
153,959.4,fury,L,2.37,tp
154,959.6,fury,R,6.59,tp
155,959.64,fury,L,5.41,unclear
156,959.8,fury,L,2.26,tp
157,962.96,usyk,L,3.76,tp
158,963.4,usyk,L,5.1,tp
159,964.88,fury,R,4.09,tp
160,965.16,usyk,R,3.12,tp
161,965.28,fury,L,3.01,tp
162,965.36,usyk,R,2.22,unclear
163,966.0,fury,L,3.87,unclear
164,966.24,usyk,L,2.9,clinch
165,966.44,usyk,R,3.05,clinch
166,966.68,usyk,L,3.54,clinch
167,967.28,usyk,L,2.32,clinch
168,968.76,usyk,L,3.17,clinch
169,970.08,fury,R,2.12,unclear
170,971.16,fury,R,3.9,fp
171,973.08,usyk,R,4.11,tp
172,973.12,usyk,L,3.11,unclear
173,973.32,fury,L,2.08,unclear
174,973.52,fury,L,2.38,unclear
175,973.8,usyk,L,2.86,tp
176,973.96,usyk,L,2.21,unclear
177,974.2,fury,R,2.02,fp
178,977.52,fury,L,4.4,tp
179,978.28,usyk,R,4.26,tp
180,978.72,fury,R,3.76,tp
181,978.76,fury,L,2.86,unclear
182,979.08,fury,L,2.17,cut
183,979.64,usyk,L,2.58,fp
184,981.08,fury,L,2.14,fp
185,982.72,usyk,L,3.16,identity
186,983.8,fury,L,2.1,tp
187,984.52,fury,L,2.56,unclear
188,985.68,usyk,R,2.55,tp
189,987.96,usyk,L,9.25,tp
190,987.96,usyk,R,7.24,unclear
191,988.32,fury,L,2.26,identity
192,988.92,fury,R,3.26,identity
193,989.12,usyk,L,2.57,identity
194,989.16,usyk,R,4.79,identity
195,989.32,usyk,R,2.07,identity
196,828.72,fury,L,4.72,fp
197,841.68,fury,L,4.83,tp
198,842.16,fury,L,4.85,tp
199,859.0,usyk,L,5.25,tp
200,859.2,fury,L,3.88,tp
201,860.48,usyk,L,4.14,unclear
202,864.28,usyk,L,4.18,clinch
203,867.8,usyk,R,4.1,unclear
204,876.68,usyk,R,6.22,tp
205,877.6,fury,R,3.55,unclear
206,881.32,fury,R,5.54,unclear
207,885.4,usyk,R,4.36,tp
208,888.08,fury,R,6.3,cut
209,893.4,usyk,L,6.25,identity
210,893.4,usyk,R,7.28,identity
211,899.08,fury,L,7.02,fp
212,908.52,fury,R,4.23,unclear
213,912.52,usyk,R,8.27,unclear
214,913.12,usyk,L,4.08,tp
215,921.4,fury,R,4.11,unclear
216,935.0,fury,R,7.26,tp
217,935.04,fury,L,3.62,fp
218,956.44,usyk,R,6.93,cut
219,957.36,fury,L,5.51,tp
220,959.56,usyk,R,12.42,tp
221,959.88,usyk,R,3.54,fp
222,968.36,usyk,L,3.78,clinch
223,969.36,usyk,R,4.3,unclear
224,969.68,usyk,L,5.8,tp
225,971.0,usyk,L,7.55,tp
226,973.92,fury,R,3.64,unclear
227,974.28,usyk,R,6.05,tp
228,978.72,usyk,R,5.98,identity
229,978.96,usyk,R,4.08,cut
230,983.68,usyk,R,3.71,tp
231,987.96,fury,R,4.31,identity
232,988.64,fury,L,5.64,tp
233,989.6,fury,L,4.83,tp
234,989.88,fury,R,6.89,tp
