round,thrown_A,thrown_B,punch,ring,aggr,comp,kd,winner,fury,usyk
1,34,27,0.059,-0.044,-0.084,0.01,,fury,10,9
2,41,33,0.089,-0.046,-0.08,0.028,,fury,10,9
3,44,35,0.077,-0.117,-0.153,-0.008,,usyk,9,10
4,47,40,0.06,-0.121,-0.143,-0.017,,usyk,9,10
5,47,27,0.273,-0.104,-0.143,0.114,,fury,10,9
6,44,36,0.037,-0.05,-0.076,-0.003,,usyk,9,10
7,48,38,0.113,-0.116,-0.173,0.01,,fury,10,9
8,32,50,-0.227,-0.053,-0.109,-0.169,,usyk,9,10
9,30,52,-0.283,-0.066,-0.104,-0.204,fury,usyk,8,10
10,19,30,-0.298,-0.134,-0.166,-0.239,,usyk,9,10
11,26,32,-0.125,-0.188,-0.266,-0.166,,usyk,9,10
12,39,39,-0.021,-0.113,-0.154,-0.066,,usyk,9,10
